Date,Headline,Food, MDR12 , PLR , MLR ,MPR,IBCR,OBB,COP,M3,M2,M1,QM,CG,CPS,CCPS,COS,TD,RR,ER,NDC,LTDR,LR,EXP,IMP,GRV,GXP,GRXP,FBAL,TVAT,CRR,BSL,insecurity_D,insecurity_I
May-2011,12.30,12.11,4.12,15.81,22.11,8.00,9.75,8.55,118.43,12161740.02,12161740.02,5770438.48,6391301.54,744990.12,8868856.56,6933294.57,1935561.99,11097603.80,698.34,177952.58,9613846.68,46.43,17.87,1249850.23,801042.67,210003.90,449474.70,345402.60,-239470.80,42564.00,2.00,341.60,29.00,4
June-2011,10.20,9.18,4.68,15.76,22.02,8.00,11.15,9.19,117.03,12310587.34,12310587.34,5920929.78,6389657.56,795069.63,8924890.19,6943442.23,1981447.95,11294049.76,698.34,412379.48,9719959.81,44.89,17.94,1449185.36,830344.32,260456.00,313261.40,268302.10,-52805.40,51600.00,4.00,580.17,62.00,17
July-2011,9.46,7.89,4.39,15.84,22.42,8.75,8.85,7.60,117.86,12700851.61,12613538.98,6219355.84,6394183.14,-21037.36,8960676.17,7040928.59,1919747.58,11573149.68,698.34,390184.80,8939638.81,42.16,19.19,1233996.20,1119638.98,553367.00,245533.60,184119.10,307833.40,52505.00,4.00,792.20,105.00,21
August-2011,9.29,8.70,4.48,15.82,22.27,8.75,8.59,8.17,111.99,13030901.60,12711713.43,6138374.73,6573338.70,1762699.60,9192276.49,7124427.55,2067848.93,11650533.69,698.34,196722.35,10954976.09,43.56,21.51,1318764.65,1188718.96,280355.50,577711.90,318218.10,-297356.40,63355.00,4.00,427.68,137.00,33
September-2011,10.32,9.47,4.47,15.87,22.09,9.25,9.37,8.96,115.73,13163599.14,12719416.28,6160598.47,6558817.81,1721422.88,9299452.88,7314509.01,1984943.87,11707572.40,698.34,272632.09,11020875.76,43.40,20.00,1021378.18,1063678.55,258025.90,429633.60,309748.80,-171607.70,54728.00,4.00,544.24,109.00,16
October-2011,10.56,9.65,4.90,16.49,23.32,12.00,13.07,13.70,113.12,12880169.70,12332290.38,5975210.36,6357080.01,70524.53,10816811.89,7400252.81,3416559.08,11294686.86,795146.61,56161.19,10887336.41,49.60,36.10,1398833.64,785311.81,261562.80,343609.00,151491.20,-82046.20,58310.00,8.00,125.76,48.00,28
November-2011,10.55,9.62,5.28,16.82,23.35,12.00,15.58,12.72,113.92,13272351.21,12309692.78,5884835.15,6424857.63,525016.99,11309546.37,7532681.34,3776865.03,11240295.63,784510.41,29269.59,11834563.37,47.50,33.90,1200195.83,1194695.45,303225.50,570293.10,548728.40,-267067.60,49574.00,8.00,96.74,258.00,38
December-2011,10.33,11.01,7.12,16.75,23.21,12.00,15.50,14.15,111.46,14192086.09,13179000.93,6652315.63,6526685.29,772793.99,12741651.96,6972366.28,5769285.69,11933865.57,772434.50,259278.00,13514445.96,44.80,42.00,1220864.54,763527.58,507316.10,641201.80,394177.90,-133885.70,50223.00,8.00,227.80,440.00,53
January-2012,12.63,13.12,6.61,16.92,23.08,12.00,14.19,13.82,113.81,14126038.26,13184699.13,6640272.89,6544426.24,13230.96,12567331.99,6914456.91,5652875.08,12073784.52,809829.34,161319.48,12580562.95,40.60,43.40,1332247.83,685173.59,266088.00,159175.00,121528.00,106913.00,54843.00,8.00,215.67,430.00,70
February-2012,11.83,9.69,6.64,17.11,23.13,12.00,14.35,13.58,121.87,14361505.92,13052646.47,6393931.05,6658715.42,349827.44,12512181.05,6849210.11,5662970.94,11971344.04,820777.85,144803.96,12862008.49,41.50,29.60,1412882.97,876445.66,173765.00,311201.00,263809.00,-137436.00,51111.00,8.00,98.15,289.00,74
March-2012,12.09,11.85,7.99,17.27,23.22,12.00,14.13,13.79,128.00,15202571.79,13302991.97,6604095.48,6698896.49,760916.05,12641717.85,6961405.06,5680312.79,12161580.68,823524.11,103230.67,13402633.90,40.96,39.66,1387259.65,1319775.14,338641.00,394663.00,239286.00,-56022.00,58184.00,8.00,148.77,341.00,82
April-2012,12.83,11.18,7.15,16.90,23.31,12.00,14.30,13.80,122.62,15225119.43,13411475.80,6783754.46,6627721.34,357660.51,12899039.99,7095400.33,5803639.66,12300276.19,826057.46,43532.07,13256700.51,50.95,45.75,1500589.03,1033263.81,328214.00,399897.00,292478.00,-71683.00,59528.00,8.00,185.09,294.00,89
May-2012,12.72,13.00,7.01,16.98,23.44,12.00,13.80,13.46,113.08,15306488.26,13614021.66,6615500.78,6998520.88,-372251.93,13182567.42,7255306.03,5927261.40,12492351.71,832417.15,56295.94,12810315.49,50.95,44.46,1168388.14,925711.16,206796.00,299934.30,258538.70,-93138.30,57291.00,8.00,67.22,244.00,49
June-2012,12.84,11.99,7.51,16.93,23.44,12.00,14.92,14.72,98.06,15089725.97,13512443.94,6675416.15,6837027.79,-149906.00,13424724.81,7574598.22,5850126.59,12424055.72,843105.16,43596.51,13274818.81,46.86,49.23,1096706.57,799790.98,241680.60,271569.30,245434.90,-29888.70,57681.00,8.00,87.05,694.00,56
July-2012,12.80,12.13,6.62,16.96,23.45,12.00,15.19,13.91,104.62,14757045.08,13425675.10,6474927.56,6950747.54,-23840.24,13345874.53,7634960.73,5710913.80,12348662.34,1255273.86,42256.33,13322034.29,45.10,50.48,1196963.42,686629.82,243335.00,433287.00,376436.00,-189952.00,56851.00,12.00,92.48,202.00,41
August-2012,11.69,9.86,6.85,16.53,23.76,12.00,17.81,16.51,113.76,14818559.43,13843418.93,6415895.15,7427523.78,-980441.99,13786795.68,7728195.92,6058599.76,12762430.47,1245500.14,214121.73,12806353.68,45.69,47.33,1406319.56,719992.05,197439.00,291637.00,260336.00,-94198.00,51754.00,12.00,60.71,158.00,42
September-2012,11.29,10.18,6.77,16.37,24.67,12.00,13.50,13.05,114.36,15321567.30,14227903.41,6602821.65,7625081.76,-719813.03,13893486.14,7664015.54,6229470.60,13157394.13,1254989.61,285957.76,13173673.11,44.58,47.59,1167092.03,467266.65,199077.00,375586.00,226548.00,-176509.00,66276.00,12.00,69.62,214.00,40
October-2012,11.72,11.04,6.21,16.48,24.65,12.00,11.42,11.29,108.92,16580691.52,14535226.79,6765560.30,7769666.48,-151409.26,13679677.24,7632361.78,6047315.46,13381069.62,1283199.06,107666.51,13528267.98,43.74,49.69,1099532.23,749415.17,250585.00,384803.00,274429.00,-134218.00,54089.00,12.00,87.91,550.00,110
November-2012,12.27,11.48,6.17,16.51,24.70,12.00,11.86,11.66,111.05,17215646.18,15223073.62,7088428.62,8134645.00,275957.88,13857460.43,7825317.49,6032142.94,14082226.15,1305280.77,93139.49,14133418.31,42.65,49.41,1052250.01,779186.80,277346.00,299551.00,242116.00,-22205.00,62176.00,12.00,76.12,446.00,134
December-2012,11.98,10.23,10.63,16.54,24.61,12.00,11.88,11.73,114.49,18035937.10,15391216.85,7370027.27,8021189.59,785027.11,13732825.65,7672657.18,6060168.47,14089673.74,1339730.55,283589.32,14517852.76,52.29,27.39,1319094.69,723905.91,433041.00,483934.00,281177.00,-50893.00,60214.00,12.00,269.85,348.00,89
January-2013,8.99,10.05,6.09,16.57,24.54,12.00,11.67,11.62,115.24,16844050.26,15462037.95,7262848.79,8199189.15,-628356.73,13709527.90,7550622.08,6158905.82,14305801.64,1399488.97,182213.91,13081171.17,49.84,47.03,1296336.69,701135.99,228070.00,80912.00,42562.00,147158.00,55234.00,12.00,97.23,619.00,81
February-2013,9.58,11.00,5.67,16.56,24.60,12.00,11.98,11.87,118.81,17457311.40,15681134.50,7139907.52,8541226.99,-524002.68,13757630.28,7697713.56,6059916.72,14516821.10,1417543.42,428113.69,13233627.59,40.62,52.55,1058930.90,778134.16,238134.00,555225.00,460042.00,-317091.00,62679.00,12.00,97.58,516.00,77
March-2013,8.60,9.46,6.09,16.61,24.49,12.00,10.39,10.30,112.79,17726791.67,15938963.52,7347215.78,8591747.74,-580874.10,13926713.31,7901817.51,6024895.80,14695870.62,1431541.44,458030.63,13345839.21,38.33,96.61,1248219.25,696015.49,380480.00,319437.00,204541.00,61043.00,60199.00,12.00,106.32,705.00,62
April-2013,9.04,10.05,6.49,16.65,24.53,12.00,10.71,10.62,105.55,18196449.54,16029118.64,7334356.48,8694762.17,-294036.47,14160772.59,7969139.98,6191632.61,14843383.80,1448610.26,83275.88,13866736.12,39.13,65.44,1701637.93,811089.90,276720.00,459938.00,286578.00,-183218.00,61631.00,12.00,65.74,1060.00,70
May-2013,8.97,9.34,5.26,16.66,24.57,12.00,12.23,11.99,106.00,18293582.63,15905376.47,7350789.59,8554586.87,-29944.44,14207906.48,8138604.10,6069302.38,14743961.32,1455574.17,116730.88,14177962.04,40.78,85.91,1430791.80,1028296.54,246554.00,319396.00,261647.00,-72842.00,52388.00,12.00,39.01,903.00,44
June-2013,8.35,9.67,5.32,16.56,24.58,12.00,11.59,11.19,106.06,19130406.93,15884545.81,7376730.04,8507815.77,779373.73,14395619.37,8309384.24,6086235.13,14755743.89,1455872.92,151812.39,15174993.10,43.92,65.06,1254802.49,690024.04,251291.00,299732.00,215848.00,-48441.00,71878.00,12.00,82.46,743.00,28
July-2013,8.62,9.93,5.80,16.47,24.62,12.00,10.63,10.46,109.78,19346384.23,16072900.76,7182768.50,8890132.26,1068346.94,14336443.71,8370716.94,5965726.77,14930724.72,1447828.93,617041.83,15404790.64,34.11,60.33,1149973.13,821352.59,417076.00,442869.70,284887.70,-25793.70,49123.00,12.00,17.15,357.00,39
August-2013,8.20,9.79,4.88,16.55,24.46,12.00,15.24,13.77,107.84,19235661.93,16298761.78,7039496.27,9259265.51,619541.77,14648163.84,8712750.76,5935413.08,15145127.78,2344261.60,213643.51,15267705.62,32.70,51.82,1321140.05,775297.02,227038.00,209850.00,127047.00,17188.00,71229.00,12.00,96.14,528.00,58
September-2013,7.90,9.38,4.58,16.76,25.11,12.00,16.88,19.14,113.59,18979547.66,16151115.75,7153347.81,8997767.95,429305.81,14974616.37,8922379.29,6052237.08,14981922.52,2372253.80,513134.03,15403922.18,33.36,44.92,1243363.29,817988.62,377197.00,487136.00,309347.00,-109939.00,66276.00,12.00,164.78,1193.00,55
October-2013,7.76,9.22,4.71,17.10,24.90,12.00,11.08,10.99,112.29,19351492.95,16221093.80,7178698.56,9042395.23,1029933.54,14971408.82,8890862.21,6080546.61,14970907.95,2207642.08,487445.49,16001342.37,34.64,50.74,1174747.75,747973.79,227362.00,425211.00,267501.00,-197849.00,61385.00,12.00,81.34,781.00,48
November-2013,7.93,9.37,6.51,17.17,25.00,12.00,11.22,10.99,111.14,19739733.59,16457291.94,7143185.45,9314106.49,1401713.58,15168382.78,9058198.89,6110183.89,15158101.85,2282121.07,322546.20,16570096.36,36.14,48.32,1164828.53,865357.35,222806.00,305974.00,252138.00,-83168.00,63692.00,12.00,64.49,443.00,53
December-2013,7.94,9.28,5.02,17.01,24.90,12.00,10.75,11.24,112.75,20615452.34,17307365.43,7703912.59,9603452.84,1860777.38,15279756.61,9343053.34,5936703.26,15859757.45,2275851.65,1133672.40,17140533.98,36.25,46.23,1217241.80,706759.22,269467.00,610004.50,502802.50,-340537.50,88061.00,12.00,134.89,449.00,49
January-2014,8.03,9.28,9.04,16.95,25.52,12.00,10.00,10.48,110.19,20309604.63,17232157.27,7435121.45,9797035.82,2811860.69,15601016.27,9468375.63,6132640.65,15898381.45,2207357.70,1050526.50,18412876.96,37.50,46.06,1221927.92,743598.32,230407.00,331950.00,191627.00,-101543.00,62136.00,12.00,167.40,587.00,53
February-2014,7.69,9.21,9.30,16.93,25.83,12.00,10.50,11.25,110.83,19832213.33,17184908.87,7645742.99,9539165.88,2424229.42,15828608.58,9745551.50,6083057.08,15925889.02,2713675.77,365413.19,18252838.00,55.51,44.98,1062005.53,878897.67,231857.00,261461.00,239782.00,-29604.00,78985.00,12.00,106.90,1041.00,57
March-2014,7.78,9.27,9.30,16.69,25.80,12.00,10.50,12.25,109.47,20117972.91,17568277.84,7803500.10,9764777.75,2669909.61,16034173.34,9958625.66,6075547.69,16340824.50,2621191.43,381599.32,18704082.95,55.80,43.10,1174558.48,828151.61,343034.00,414589.00,272516.00,-71555.00,64129.00,15.00,105.95,6112.00,68
April-2014,7.87,9.41,9.69,16.70,25.63,12.00,10.50,10.71,110.41,20322354.21,17926705.05,8022247.08,9904457.97,2210506.19,16200105.72,10119196.96,6080908.76,16697861.73,2939017.17,744369.92,18410611.91,55.98,39.67,1366031.33,1000040.58,244800.00,312907.00,246782.00,-68107.00,60775.00,15.00,131.45,1019.00,59
May-2014,7.96,9.70,9.29,16.50,25.76,12.00,10.63,10.38,111.90,19530833.95,17231293.49,7176597.89,10054695.60,1822300.83,16156425.22,10071420.86,6085004.36,16025460.99,2919004.16,598916.39,17978726.06,57.12,40.10,1031018.51,919345.96,242391.00,266990.00,239027.00,-24599.00,62808.00,15.00,194.86,1669.00,73
June-2014,8.19,9.76,9.19,16.50,26.07,12.00,10.50,10.52,114.60,20192868.01,17457624.45,7339879.15,10117745.30,931560.33,16376205.66,10308480.75,6067724.91,16294441.81,2856207.73,343010.60,17307765.99,56.79,41.97,1133120.83,867472.19,337657.00,289911.00,267335.00,47746.00,62799.00,15.00,69.56,1729.00,83
July-2014,8.34,9.91,9.11,16.44,26.07,12.00,10.50,10.40,109.63,20836900.90,17982410.89,7414499.56,10567911.33,1216754.45,16637868.20,10557868.54,6079999.66,16744774.58,2766664.25,418504.90,17854622.65,58.16,44.02,1098453.86,866137.54,298267.00,433790.00,344102.00,-135523.00,63757.00,15.00,50.29,979.00,77
August-2014,8.53,9.92,7.47,16.60,25.07,12.00,11.91,11.53,102.33,20758853.29,17918871.99,7365041.08,10553830.91,1339662.32,16784434.17,10683741.98,6100692.19,16703510.64,2764232.95,450765.21,18124096.49,59.78,44.42,1141249.96,749344.94,247574.00,399065.00,267760.00,-151491.00,62848.00,15.00,69.69,621.00,54
September-2014,8.33,9.71,9.31,16.44,25.77,12.00,10.73,9.33,98.27,21336531.57,18531618.05,7460667.11,11070950.94,1595158.68,17094358.33,10982161.85,6112196.48,17288016.17,2692915.98,622932.79,18689517.01,59.87,46.54,1065561.07,876796.74,342857.00,319622.00,241836.00,23235.00,59052.00,15.00,58.75,2708.00,70
October-2014,8.07,9.37,9.23,16.48,25.75,12.00,10.98,10.51,83.50,20554381.10,18146634.19,7232409.13,10914225.06,1015021.07,17838612.44,11424443.12,6414169.32,16960431.62,2694796.80,824011.22,18853633.51,62.76,44.57,941631.58,827844.46,277014.00,355354.00,313440.00,-78340.00,62498.00,15.00,59.87,1337.00,67
November-2014,7.94,9.09,9.46,16.47,25.74,13.00,8.98,10.20,80.42,20743079.05,18441571.87,7369697.50,11071874.37,746541.95,18260443.27,11929754.77,6330688.49,17208378.80,3207564.36,236886.24,19006985.22,63.51,41.66,904341.08,1181355.58,228647.00,319185.00,202236.00,-90538.00,64452.00,20.00,92.05,2300.00,106
December-2014,7.94,9.14,9.51,15.88,25.91,13.00,24.30,22.28,63.28,20451731.21,18654271.48,7202681.32,11451590.15,574649.33,18223784.77,11985519.70,6238265.08,17286267.80,3491742.86,551060.45,18798434.10,63.61,38.27,822126.69,799928.92,263266.00,418591.00,331998.00,-155325.00,58213.00,20.00,424.92,1550.00,83
January-2015,8.15,9.20,9.51,16.86,25.97,13.00,7.49,8.65,48.81,20838611.63,18664296.64,7434287.66,11230008.99,1319796.01,18385635.79,12109213.18,6276422.61,17342928.24,3393064.19,299380.89,19705431.80,64.51,40.05,697776.24,948207.45,264955.00,372724.00,330749.00,-107769.00,70527.00,20.00,305.04,1081.00,64
February-2015,8.38,9.33,9.37,16.77,26.33,13.00,23.50,28.52,58.09,20375711.24,18353989.14,7014926.26,11339062.87,987603.42,19055774.27,12802981.78,6252792.48,17119237.51,3638762.43,323282.88,20043377.69,66.33,38.24,758397.92,820756.82,201774.00,188285.00,168402.00,13489.00,61378.00,20.00,238.53,3222.00,83
March-2015,8.51,9.37,9.52,16.90,26.61,13.00,12.59,14.41,56.69,21095218.26,18598418.63,7093816.35,11504602.28,1468840.10,18605340.14,12663276.30,5942063.84,17126021.68,3786659.23,208199.46,20074180.23,66.14,38.36,736699.63,1227451.02,503288.00,599525.00,476585.00,-96237.00,55926.00,20.00,161.66,2657.00,88
April-2015,8.64,9.48,6.48,15.95,26.41,13.00,24.24,23.22,57.45,21258242.22,18821533.49,6918843.94,11902689.56,1943323.47,18695753.04,12809018.96,5886734.08,17508715.34,3877824.16,859611.49,20639076.51,64.89,37.64,991569.58,954413.70,176238.00,217332.00,213517.00,-41094.00,68349.00,20.00,719.05,1058.00,68
May-2015,9.02,9.78,7.18,16.08,26.43,13.00,10.43,13.05,65.08,21471890.75,18895720.84,6882680.96,12013039.87,2156862.95,18759632.56,12932593.04,5827039.52,17579392.46,4060312.06,326171.25,20916495.51,65.37,37.45,799945.52,912993.37,153659.00,545011.00,347279.00,-391352.00,72154.00,31.00,188.20,887.00,73
June-2015,9.21,10.01,10.83,17.24,26.84,13.00,10.85,10.65,62.06,21127051.28,18257816.90,6644617.83,11613199.06,2370722.71,18894115.35,12904619.63,5989495.71,17072561.35,3971886.88,308606.15,21264838.06,67.78,37.86,788412.22,923898.39,168643.00,222145.00,213290.00,-53502.00,54548.00,31.00,183.50,923.00,69
July-2015,9.20,10.06,11.43,17.30,27.03,13.00,7.79,7.86,57.01,21224878.00,18126961.31,6602664.56,11524296.74,2705977.00,18673709.18,12685439.39,5988269.79,16941155.15,3981465.34,318587.58,21379686.18,67.99,39.69,702206.40,1000604.60,388439.00,404339.00,371349.00,-15900.00,62392.00,31.00,166.88,1069.00,87
August-2015,9.35,10.12,11.21,17.29,27.01,13.00,33.26,27.92,47.09,20972164.20,18024652.54,6858395.86,11166256.68,2374753.49,18648572.62,12682847.59,5965725.02,16876191.67,4032054.94,264679.23,21023326.11,69.86,39.75,674259.94,1081466.60,211251.00,359393.00,324597.00,-148142.00,71947.00,31.00,144.65,932.00,62
September-2015,9.42,10.18,11.21,17.02,26.99,13.00,8.12,10.43,48.08,21120675.03,18504850.65,7258960.61,11245890.04,2862143.44,18592228.86,12619137.58,5973091.28,17284104.95,3879107.66,217396.73,21454372.30,70.73,39.68,682132.76,788120.82,394330.00,375797.00,281129.00,18533.00,59689.00,25.00,125.16,474.00,51
October-2015,9.32,10.13,7.72,16.84,27.01,13.00,3.22,4.45,48.86,20114522.72,18074859.52,6821971.38,11252888.14,2738255.74,18541285.68,12499979.87,6041305.81,16871097.39,3026023.35,906980.59,21279541.41,72.65,40.84,771884.10,691732.91,327257.00,292004.00,112180.00,35253.00,54143.00,25.00,750.13,1200.00,67
November-2015,9.38,10.37,4.80,16.98,27.02,11.00,0.84,0.89,44.82,19739074.54,18022751.51,6962426.62,11060324.89,1486031.38,18597494.22,12508603.83,6088890.39,16760218.07,3034139.81,919146.32,20083525.60,71.78,41.19,631586.24,933913.94,240138.00,426056.00,292957.00,-185918.00,57789.00,20.00,767.91,382.00,58
December-2015,9.55,10.57,4.88,16.96,26.84,11.00,0.77,0.98,37.80,21288239.05,19599128.17,7835213.03,11763915.15,2519241.72,18811524.45,12447995.74,6363528.71,18141084.31,2426491.02,1129364.10,21330766.17,69.58,42.35,610288.25,792508.71,179593.00,764754.00,478418.00,-585161.00,58734.00,20.00,948.79,816.00,57
January-2016,9.59,10.66,5.12,16.54,26.77,11.00,2.04,1.95,30.67,21307210.16,19433780.35,7646636.87,11787143.48,3046282.36,18951943.88,12494733.96,6457209.92,18054054.09,2640617.42,989178.91,21998226.24,69.55,42.38,484441.17,647176.88,203114.00,119333.00,64536.00,83781.00,59588.00,20.00,875.00,517.00,75
February-2016,11.38,11.34,5.22,16.72,26.73,11.00,2.67,3.25,31.70,22017396.73,20216140.20,8396621.76,11819518.44,3145036.43,18950618.78,12506537.27,6444081.52,18836789.01,2599125.58,495247.49,22095655.21,68.94,41.15,475713.80,563053.78,164405.00,570618.00,515672.00,-406213.00,66930.00,20.00,264.03,1421.00,61
March-2016,12.77,12.79,5.29,16.82,26.93,12.00,4.32,3.55,37.78,22017379.09,20078137.43,8338889.09,11739248.34,3520358.62,18962406.02,12430809.77,6531596.25,18634813.71,2966194.10,589554.25,22482764.64,67.84,39.72,533607.16,612485.18,182697.00,392491.00,374490.00,-209794.00,62190.00,22.50,482.13,557.00,78
April-2016,13.73,13.19,5.27,16.77,26.88,12.00,3.75,3.55,41.59,22624145.95,20549863.23,8560335.69,11989527.54,4445512.11,18941591.96,12529107.61,6412484.34,19103797.25,3003570.40,427202.24,23387104.07,68.62,39.19,665217.79,850021.56,319812.00,688942.00,448430.00,-369130.00,61665.00,22.50,300.11,579.00,86
May-2016,15.56,14.86,5.38,16.13,26.73,12.00,7.67,10.00,46.99,22485145.67,20471106.55,8779577.97,11691528.58,3904199.31,19041243.17,12542590.97,6498652.19,19075572.45,2943951.17,412692.73,22945442.47,69.49,38.81,595746.01,678996.34,119228.00,298097.00,272509.00,-178869.00,62649.00,22.50,313.21,353.00,75
June-2016,16.45,15.33,5.17,16.78,26.93,12.00,35.26,21.75,48.46,23333862.74,21395954.09,8195220.39,13200733.70,3002451.89,21415047.52,14802087.93,6612959.58,20014976.11,2898498.99,401460.59,24417499.40,74.87,35.57,658268.88,978795.86,239522.00,420343.00,283622.00,-180821.00,62511.00,22.50,414.19,496.00,88
July-2016,17.09,15.82,5.09,17.14,27.06,14.00,31.51,14.00,45.92,24289400.13,22203340.40,8295409.22,13907931.17,2822820.35,22428016.30,15613379.88,6814636.42,20827307.69,2843814.89,422974.30,25250836.65,77.44,34.59,719339.62,807662.04,342050.00,509607.00,442764.00,-167557.00,64705.00,22.50,324.78,478.00,82
August-2016,17.62,16.45,5.22,17.18,27.21,14.00,24.25,14.25,46.15,25670771.96,21971380.90,8774012.53,13197368.37,3905593.85,22658162.57,15119218.04,7538944.54,20600489.17,2799319.91,397635.96,26563756.43,79.47,46.22,894532.39,941347.79,333586.00,427251.00,385306.00,-93665.00,64308.00,22.50,272.57,756.00,83
September-2016,17.85,16.61,5.75,17.09,27.49,14.00,14.50,15.90,47.43,25971046.80,21981054.06,8861228.44,13119825.62,3859414.84,22677974.11,15053203.72,7624770.39,20501239.34,2805313.22,258322.51,26537388.95,81.05,43.70,787785.25,862238.33,263069.00,407849.00,352890.00,-144780.00,72924.00,22.50,116.42,412.00,73
October-2016,18.34,17.09,6.25,17.10,27.69,14.00,36.42,15.90,50.94,26432053.48,22203186.03,9012834.03,13190351.99,4079728.37,22931462.40,15131786.89,7799675.51,20679002.17,2773215.21,977017.28,27011190.77,80.47,45.15,961533.33,898323.71,181067.00,340855.00,338809.00,-159788.00,61694.00,22.50,214.68,338.00,86
November-2016,18.44,17.16,10.14,17.06,28.53,14.00,15.21,13.03,45.25,26875736.35,22187685.69,9305244.48,12882441.21,3757646.42,23018125.77,15106803.96,7911321.81,20597923.94,2787167.09,1785368.55,26775772.19,80.53,42.96,1077990.56,843885.38,211861.00,350063.00,349710.00,-138202.00,66836.00,22.50,251.40,664.00,97
December-2016,18.60,17.40,10.76,17.09,28.55,14.00,10.39,7.35,53.48,28083906.61,23173259.42,9139029.20,14034230.22,4503565.38,22326326.24,14984256.92,7342069.32,21350316.76,2934183.20,389755.88,26829891.61,79.95,45.95,981435.93,796380.02,412125.00,794967.00,393239.00,-382842.00,72556.00,22.50,279.03,321.00,62
January-2017,18.71,17.83,10.77,16.91,28.88,14.00,8.15,8.69,55.01,28185796.80,22803257.18,8944340.16,13858917.02,4376865.73,22354452.83,14929164.29,7425288.54,21169722.85,2911430.53,400178.84,26731318.56,79.68,44.37,1096823.41,762547.63,676324.20,453562.00,384460.00,222762.20,76102.00,22.50,239.40,699.00,89
February-2017,17.75,18.53,10.37,17.13,29.26,14.00,27.46,23.60,46.39,27514881.15,22001402.78,8813416.63,13187986.15,4716179.93,22382567.74,15047261.10,7335306.64,20386747.03,2907065.72,327695.02,27098747.67,77.55,41.66,1002325.78,872236.23,199046.29,416399.00,361259.00,-217352.71,70580.00,22.50,201.51,473.00,75
March-2017,17.27,18.42,10.57,17.43,30.18,14.00,12.56,21.60,52.13,27708099.95,22041327.09,8823052.29,13218274.81,5039577.68,22750549.17,15253690.31,7496858.85,20377468.09,2979390.28,330557.19,27790126.85,78.33,46.11,941493.26,916216.91,175927.56,972584.00,614188.00,-796656.44,66440.00,22.50,247.56,337.00,101
April-2017,17.25,19.30,10.38,17.44,30.31,14.00,64.58,51.04,52.94,27231578.22,21382714.28,8817782.38,12564931.90,5171079.93,22508653.12,14961511.87,7547141.25,19773255.56,3008184.09,528223.13,27679733.05,80.44,45.14,1165975.53,931982.91,44094.00,343490.00,263480.00,-299396.00,75505.00,22.50,419.06,369.00,99
May-2017,16.24,19.26,11.33,17.58,30.75,14.00,21.29,39.29,50.57,27654477.72,21662964.99,9167665.50,12495299.49,4451285.85,22344146.25,14931070.83,7413075.43,20139575.15,3025588.83,228417.35,26795432.11,80.35,46.74,1106550.65,929593.88,410315.00,547140.00,461622.00,-136825.00,81306.00,22.50,169.79,396.00,87
June-2017,16.11,19.91,11.15,17.59,30.94,14.00,13.46,29.57,47.42,27746099.78,21407617.26,8667256.21,12740361.05,4807962.00,22356800.86,14962700.42,7394100.45,19927740.46,2986159.92,270703.21,27164762.86,82.01,49.08,1027708.52,1034184.77,193822.00,412487.00,405930.00,-218665.00,76786.00,22.50,189.85,817.00,104
July-2017,16.06,20.25,10.27,17.65,30.94,14.00,12.28,19.34,49.01,29196880.79,21906203.24,9112700.00,12793503.23,5429405.29,22595079.33,15136591.56,7458487.77,20461315.26,3092449.64,353222.31,28024484.62,80.97,49.97,1139846.05,966733.93,354366.00,580586.00,575595.00,-226220.00,78379.00,22.50,261.54,497.00,105
August-2017,16.00,20.26,11.40,17.69,31.20,14.00,22.63,39.66,51.64,29143633.51,21501170.48,8686214.28,12814956.20,4349534.68,22707563.66,14801462.51,7906101.14,19975466.87,3120287.02,147979.08,27057098.34,80.51,44.65,1208402.23,949840.17,197458.00,550158.00,434811.00,-352700.00,77312.00,22.50,108.69,339.00,66
September-2017,15.96,20.33,11.70,17.88,31.39,14.00,20.44,16.17,56.79,29428601.58,21537344.24,8452456.70,13084887.54,4808233.47,22500480.40,14799132.65,7701347.74,20099039.66,3175126.81,253815.46,27308713.86,82.77,44.67,1310486.31,912528.41,279108.00,461756.00,345409.00,-182648.00,80291.00,22.50,248.90,258.00,87
October-2017,15.88,20.30,10.80,17.86,31.39,14.00,43.78,43.09,58.46,30520121.85,22130409.17,8588229.78,13542179.39,5040643.63,22448085.74,14719770.73,7728315.01,20666635.63,3226194.29,395303.66,27488729.37,77.31,45.57,1205433.96,806691.52,226431.00,403215.00,382289.00,-176784.00,77130.00,22.50,186.06,498.00,94
November-2017,15.90,20.31,10.71,17.77,30.95,14.00,18.78,18.99,63.56,30449788.62,22417091.39,8683007.99,13734083.40,4285935.38,22318599.41,14455354.38,7863245.02,20863558.32,3222996.09,206420.45,26604534.79,76.80,49.92,1355732.87,955450.08,79353.00,422155.00,348534.00,-342802.00,83047.00,22.50,176.84,543.00,96
December-2017,15.36,19.40,10.93,17.71,30.99,14.00,9.49,8.46,65.11,28473663.24,23944660.52,9480022.68,14464637.84,3712927.50,22243193.53,14766885.85,7476307.69,22161995.94,3413623.02,568067.28,25956121.04,72.84,54.79,1427364.61,766839.40,635956.00,1084985.00,715557.00,-449029.00,77209.00,22.50,439.35,305.00,87
January-2018,15.16,18.93,11.24,17.50,31.39,14.00,15.58,10.62,69.68,27737479.93,23492692.64,9350392.67,14142299.97,3716920.46,21977304.82,14495729.19,7481575.63,21904744.66,3425833.78,351209.78,25694225.28,72.83,57.27,1536086.05,1144908.04,302348.13,722885.00,526230.00,-420536.87,80605.00,22.50,178.17,710.00,129
February-2018,14.34,17.58,10.67,17.53,31.40,14.00,26.19,19.99,66.67,29233948.28,23723830.44,9430879.79,14292950.65,4446805.54,22521872.75,14701739.34,7820133.41,22152848.44,3502125.19,669842.43,26968678.29,70.16,56.28,1409033.79,1007015.82,250656.00,602394.00,435987.00,-351738.00,92780.00,22.50,519.77,389.00,96
March-2018,13.34,16.07,10.21,17.35,31.55,14.00,15.16,12.69,66.94,28612117.01,23924511.42,9439519.91,14484991.51,4217727.37,22279793.18,14353059.14,7926734.05,22256133.21,3628315.01,743326.42,26497520.55,67.43,54.26,1470514.51,1163544.83,269128.86,823193.00,550977.00,-554064.14,85869.00,22.50,561.79,435.00,93
April-2018,12.46,14.82,10.03,17.24,31.56,14.00,3.34,2.96,72.37,28641297.81,24060176.15,9484325.15,14575850.99,5211868.65,22095268.20,14044558.09,8050710.11,22461187.72,3708889.33,521817.18,27307136.85,63.96,56.27,1690371.08,845240.27,295456.93,537220.00,413698.00,-241763.07,80352.00,22.50,367.02,902.00,120
May-2018,11.63,13.42,9.96,17.08,31.29,14.00,26.11,20.79,77.70,29730878.55,25024319.06,9936866.96,15087452.10,3084008.23,22130504.77,14057112.53,8073392.24,23446797.04,3800326.30,691859.66,25214513.00,63.39,60.13,1550130.47,1075361.76,470763.31,606991.00,501104.00,-136227.69,83401.00,22.50,524.68,830.00,137
June-2018,11.23,12.95,10.05,16.78,31.17,14.00,5.00,10.84,75.38,28830001.85,24300141.96,9454877.42,14845264.54,2369666.29,22230901.66,14121088.35,8109813.31,22780239.64,3897750.94,217274.96,24600567.95,58.13,26.59,1574215.44,844366.86,293387.00,432126.00,385205.00,-138739.00,89686.00,22.50,162.00,791.00,127
July-2018,11.14,12.88,10.26,16.83,31.09,14.00,9.00,11.44,74.72,29164189.38,24621722.53,9548115.83,15073606.70,2898290.93,22236441.59,14090556.39,8145885.19,23153420.46,3937022.57,516011.23,25134732.51,59.12,28.42,1538405.38,1195109.37,307089.00,550867.00,549114.00,-243778.00,81929.00,22.50,446.30,694.00,102
August-2018,11.24,13.17,9.95,16.65,30.93,14.00,6.44,8.42,73.35,29430207.59,24584703.22,9515281.08,15069422.15,1528138.35,22490992.01,14281427.54,8209564.46,23043148.48,3993369.33,421602.25,24019130.36,58.24,24.86,1641056.86,1781036.71,312460.00,531804.00,490034.00,-219344.00,76614.00,22.50,280.75,583.00,88
September-2018,11.28,13.29,10.08,16.59,30.77,14.00,8.68,7.64,79.59,30435997.06,25145259.86,9864547.87,15280712.00,2929505.54,22978284.59,14989866.00,7988418.60,23543374.12,4044222.00,487149.45,25907790.14,65.17,66.38,1770388.08,1126285.05,327230.00,785951.00,604136.00,-458721.00,109960.00,22.50,335.40,637.00,100
October-2018,11.28,13.30,10.46,16.53,30.67,14.00,14.18,13.93,79.18,31555104.14,25570097.71,9868415.47,15701682.24,3598792.05,23627573.49,14903360.27,8724213.23,23968407.04,4119362.57,908247.99,27226365.55,65.04,63.42,1779112.42,1218592.73,390453.00,734354.00,579712.00,-343901.00,75989.00,22.50,758.07,894.00,94
November-2018,11.31,13.29,10.43,16.64,30.80,14.00,7.17,6.76,66.59,31182261.54,24789902.42,9684399.82,15105502.60,2356068.53,23650713.81,13833094.84,9817618.98,23077809.57,4201937.57,150507.46,26006782.34,65.04,63.42,1329478.60,1256811.91,318669.00,645362.00,378584.00,-326693.00,100965.00,22.50,131.99,523.00,93
December-2018,11.44,13.56,10.33,16.17,30.52,14.00,22.68,22.94,62.02,32739618.79,26455409.85,10401981.34,16053428.51,4916771.28,23536259.27,13226994.92,10309264.35,24548064.65,4276894.81,228495.95,28453030.55,60.16,65.04,1418534.76,786839.39,338626.00,564879.00,441146.00,-226253.00,88396.00,22.50,160.04,485.00,118
January-2019,11.35,13.52,10.66,16.01,30.48,14.00,12.14,17.54,60.05,33288545.63,26319628.24,10009547.94,16310080.30,5950892.22,25009316.45,13832302.19,11177014.26,24596944.49,4278790.26,768006.34,30960208.66,60.71,66.22,1699648.44,1966588.36,340120.71,831467.00,699124.00,-491346.29,96729.00,22.50,570.69,1085.00,113
February-2019,11.31,13.48,10.74,16.08,30.56,14.00,16.71,18.29,64.89,32236245.94,25915806.63,9917874.17,15997932.46,6686720.06,25701069.99,14091248.28,11609821.72,24083478.70,4306453.61,317354.69,32387790.05,60.04,62.82,1474759.88,1118633.10,353306.26,891030.00,691008.00,-537723.74,100289.00,22.50,258.49,997.00,119
March-2019,11.25,13.44,10.23,14.92,30.83,13.50,10.80,12.07,67.67,33481293.82,26478385.57,9880331.05,16598054.52,7274271.82,25707786.06,13790568.06,11917218.00,24698710.79,4360363.80,387887.77,32982057.88,59.52,64.12,1487187.88,1690696.61,443909.41,717126.00,594265.00,-273216.59,92533.63,22.50,316.50,1102.00,155
April-2019,11.39,13.68,10.66,15.39,30.89,13.50,13.98,16.15,73.08,33760420.06,26594365.71,9709142.25,16885223.47,7710488.32,25650350.87,13744947.70,11905403.18,24882845.08,4252515.95,290844.63,33360839.19,58.49,64.05,1953394.99,1604043.46,348227.15,835112.00,556820.00,-486884.85,88494.24,22.50,193.95,1182.00,176
May-2019,11.39,13.80,10.42,15.33,31.07,13.50,5.14,8.34,73.65,34009088.07,26929894.76,9729227.38,17200667.37,6788929.04,25782842.88,13912992.58,11869850.30,25229827.62,4247825.34,549012.82,32571771.92,57.37,63.54,1539013.56,1995405.51,261071.31,683361.00,464761.00,-422289.69,92627.00,22.50,404.68,868.00,140
June-2019,11.21,13.59,10.57,15.80,31.04,13.50,8.38,8.71,66.74,34440804.25,27438381.19,9558237.45,17880143.73,7716210.73,24786950.33,13862772.67,10924177.67,25804431.54,4302341.24,525852.31,32503161.07,57.64,64.90,1513015.85,1514792.51,333873.68,590307.00,418940.00,-256433.32,102554.00,22.50,414.18,1004.00,131
July-2019,11.09,13.36,10.18,15.46,31.07,13.50,6.52,7.73,66.24,35172556.40,27770277.70,9854785.63,17915492.07,8836799.40,25246475.42,14234744.64,11011730.77,26189454.33,4380046.87,778841.41,34083274.82,57.42,65.38,1623284.39,1674706.25,403511.00,743332.00,642073.00,-339821.00,104286.00,22.50,361.19,701.00,129
August-2019,11.01,13.17,9.82,15.40,31.04,13.50,8.00,12.35,61.05,34793204.22,27141078.18,9721639.22,17419438.96,8960987.42,25288294.46,14407540.64,10880753.82,25493469.27,4382464.19,259411.05,34249281.88,61.06,70.38,1560812.43,1644247.05,330218.95,672115.00,645699.00,-341896.05,90393.00,22.50,203.66,724.00,136
September-2019,11.25,13.53,9.97,15.15,31.43,13.50,11.42,10.73,65.27,34229645.47,26861427.21,9667253.92,17194173.29,9924355.94,25758782.02,14505341.99,11253440.03,25237783.06,4402257.52,275273.23,35683137.96,62.14,70.40,2236087.34,1554409.88,483781.92,934208.00,756455.00,-450426.08,84559.00,22.50,229.47,429.00,154
October-2019,11.61,14.07,9.73,15.07,30.56,13.50,6.37,6.64,59.10,35135273.77,27501353.22,10038295.13,17463058.09,8724411.44,26113965.44,14741778.75,11372186.68,25802927.60,4646349.20,428506.14,34838376.88,61.85,69.52,1561125.68,2627813.67,558198.73,881630.00,601784.00,-323431.27,89159.00,22.50,390.19,444.00,117
November-2019,11.85,14.49,9.73,14.91,29.40,13.50,0.00,7.44,63.56,35696887.03,27627056.01,10052619.75,17574436.26,8432494.83,26459881.67,15068296.67,11391585.00,25822323.32,4482612.82,350355.49,34892376.50,64.91,64.28,1486401.06,1545333.88,428224.96,696954.00,552156.00,-268729.04,100714.00,22.50,314.94,307.00,106
December-2019,11.98,14.68,9.03,13.96,28.45,13.50,3.82,3.24,68.56,34850876.02,28877940.72,10648407.07,18229533.65,10098139.54,26616743.82,16249769.50,10366974.32,26855305.43,5274752.72,645980.95,36714883.36,58.73,104.20,1775802.30,1513298.12,404848.45,977617.00,542178.00,-572768.55,86560.00,22.50,587.22,538.00,135
January-2020,12.15,14.82,8.01,13.65,29.38,13.50,5.74,6.98,66.69,34128187.61,29132380.36,10324564.92,18807815.44,9645254.92,26651990.11,16199968.20,10452021.91,27275209.66,5712403.47,120411.66,36297245.03,57.01,96.20,1719441.37,1723222.40,286207.27,780808.00,780477.00,-494600.73,106769.00,27.50,107.92,860.00,179
February-2020,12.20,14.90,8.02,13.43,28.74,13.50,8.91,8.12,58.46,33949618.70,29719364.53,10397772.25,19321592.28,10352073.72,26780120.39,16292099.54,10488020.85,27933576.40,6843311.43,291548.57,37132194.11,58.13,89.22,1448395.61,1459072.70,432066.40,905434.00,852847.00,-473367.60,97425.00,27.50,276.66,1046.00,164
March-2020,12.25,15.00,8.61,12.70,28.84,13.50,10.29,11.78,32.29,35776635.50,31010122.07,11107001.84,19903120.23,10009034.68,28422913.43,17252264.49,11170648.94,29119284.83,7039702.93,501133.81,38431948.11,60.69,78.04,970311.53,1632665.29,272323.84,740572.00,653792.00,-468248.16,92583.00,27.50,474.78,1104.00,125
April-2020,12.31,15.03,7.68,12.58,28.65,13.50,7.33,5.52,14.28,35875663.63,31958484.85,11659870.47,20298614.38,10710050.78,28893877.99,17401920.78,11491957.21,30055875.80,9291263.70,342620.68,39603928.78,59.45,70.63,692378.33,1120192.88,287583.63,789089.00,676977.00,-501505.37,111850.00,27.50,304.23,847.00,156
May-2020,12.42,15.05,7.63,12.47,28.76,13.50,4.35,5.45,27.89,35949843.80,32719162.68,12553304.03,20165858.66,9564579.49,29349249.05,17574547.20,11774701.85,30743980.78,9813703.05,484232.27,38913828.54,58.39,69.79,760337.64,1353794.93,380849.43,736365.00,609328.00,-355515.57,87881.00,27.50,481.87,1203.00,166
June-2020,12.56,15.16,7.12,12.22,28.66,12.50,5.75,11.31,40.30,35767994.47,32593522.49,12381367.68,20212154.81,8898424.84,29555514.73,17624231.40,11931283.32,30725236.32,10462013.23,165306.99,38453939.57,62.68,65.11,795462.47,1680805.56,253220.85,683331.00,617424.00,-430110.15,96602.00,27.50,151.21,1101.00,161
July-2020,12.82,15.50,5.89,12.10,28.42,12.50,6.25,10.12,44.10,36813447.86,33337326.82,12775602.49,20561724.33,9661188.09,30188383.44,18222383.19,11966000.26,31310847.95,9930849.00,777826.87,39849571.53,61.99,63.07,1115149.73,1830932.57,348304.38,955221.00,835380.00,-606916.62,119745.00,27.50,734.03,954.00,165
August-2020,13.23,15.99,4.89,11.79,28.37,12.50,5.74,8.22,45.06,36118143.68,34262588.49,13133475.59,21129112.90,8410276.49,30382027.42,18325723.40,12056304.02,32291124.92,10746846.28,257420.87,38792303.90,60.42,61.33,998382.84,1854412.97,350680.00,896217.00,699023.00,-545537.00,123336.00,27.50,223.01,457.00,118
September-2020,13.70,16.64,5.37,11.55,28.45,11.50,2.00,3.64,40.85,35995011.24,34965447.66,13555672.34,21409775.33,9683889.71,29745781.51,18506004.54,11239776.97,32946961.60,10496584.31,335730.27,39429671.22,59.61,61.79,901337.27,1772009.23,322302.00,887835.00,741761.00,-565533.00,139714.00,27.50,298.56,624.00,149
October-2020,14.21,17.39,4.99,11.31,28.36,11.50,0.00,1.88,39.74,36218203.68,35729184.39,14193844.06,21535340.33,10449164.26,29087977.87,17900229.70,11187748.17,33629731.64,11261547.24,667814.04,39537142.13,59.06,58.42,1003406.09,1820869.11,446125.16,1054995.00,902093.00,-608869.84,131928.00,27.50,619.49,815.00,271
November-2020,14.89,18.30,4.89,12.68,28.76,11.50,0.00,1.13,42.70,36958454.16,36517795.80,14819010.85,21698784.95,10782279.08,29411876.98,18249594.23,11162282.75,34261310.48,12038609.90,293993.67,40194156.06,59.37,56.04,1030291.36,2448209.10,365248.40,698339.00,508774.00,-333090.60,117610.00,27.50,257.31,677.00,210
December-2020,15.74,19.56,5.00,11.35,28.31,11.50,1.25,1.03,50.33,38904920.08,37828875.85,15838395.80,21990480.05,11492711.32,29890461.67,18713660.88,11176800.79,35333267.80,9449929.37,749533.09,41383172.98,58.35,65.45,1178698.45,1823005.41,279735.00,875696.00,511137.00,-595961.00,145811.00,27.50,702.46,679.00,240
January-2021,16.44,20.57,5.01,11.25,28.30,11.50,4.40,2.93,54.87,38737379.48,37544491.37,15855542.74,21688948.63,12085727.76,30406282.73,19523404.95,10882877.78,35185767.13,10252685.78,181055.03,42492010.49,58.51,63.94,902153.41,1399415.38,275615.87,815958.00,717301.00,-540342.13,159362.00,27.50,161.04,1272.00,248
February-2021,17.34,21.78,5.36,11.21,28.54,11.50,11.65,8.67,62.48,38796566.64,38099427.26,16484070.12,21615357.14,12586130.06,30505606.14,19332046.23,11173559.90,35779433.49,10377632.32,237743.37,43091736.20,60.06,62.39,999153.59,1699846.28,359884.00,853259.00,704696.00,-493375.00,146337.00,27.50,255.54,1139.00,238
March-2021,18.18,22.95,4.94,11.13,28.74,11.50,10.10,12.61,65.62,38720379.46,38288212.81,16138206.97,22150005.84,12066876.87,31437048.08,20284806.48,11152241.59,35982548.61,9946365.19,583022.73,43503924.95,58.39,64.99,1135955.71,2211158.71,279316.82,1224216.00,918785.00,-944899.18,146314.00,27.50,551.47,1120.00,264
April-2021,18.12,22.71,5.78,11.24,28.64,11.50,0.00,15.92,64.27,39151453.58,38462975.04,15995932.43,22467042.61,12236471.93,31897539.10,20788112.05,11109427.05,36160783.87,10317756.38,88470.02,44134011.03,60.38,65.87,1704855.26,1441588.92,419516.00,962292.00,896026.00,-542776.00,168992.00,27.50,82.39,1278.00,267
May-2021,17.91,22.28,6.14,11.29,28.39,11.50,15.23,16.31,67.83,39856996.98,38692973.28,16256641.72,22436331.56,12552025.37,32117234.44,20936907.02,11180327.42,36376546.93,9812605.48,460587.66,44669259.81,60.84,62.13,1598310.11,1584552.40,403787.92,936977.00,642347.00,-533189.08,164340.00,27.50,445.00,1353.00,276
June-2021,17.76,21.85,6.54,11.67,29.05,11.50,16.57,16.67,73.46,39510562.98,38863053.22,16024393.65,22838659.57,11593876.28,32625539.02,21309821.29,11315717.73,36614868.02,9421596.81,170992.77,44219415.30,61.97,63.88,1816783.81,2062944.67,323244.30,798686.00,623309.00,-475441.70,168402.00,27.50,159.64,1409.00,240
July-2021,17.39,21.03,6.30,11.57,27.99,11.50,12.38,11.91,75.93,39752888.62,39733556.72,16261001.44,23472555.28,12124677.18,32860632.04,21648525.81,11212106.23,37363917.66,9415418.68,286119.36,44985309.22,62.06,62.98,1692356.34,1891672.89,339461.00,1002146.00,943393.00,-662685.00,143652.00,27.50,271.24,740.00,194
August-2021,17.01,20.28,6.73,11.62,28.00,11.50,13.45,12.97,70.72,40945143.77,40810092.82,16426893.61,24383199.21,12567398.20,33441747.80,22037206.27,11404541.53,38498023.30,9273932.93,449018.71,46009146.00,61.32,63.59,1442276.78,2067028.96,372322.00,819993.00,695941.00,-447671.00,140554.00,27.50,421.73,1072.00,195
September-2021,16.64,19.57,6.72,11.73,27.10,11.50,13.11,11.30,74.55,40450136.09,40449202.79,15961286.61,24487916.19,13005389.10,33936527.14,22410024.13,11526503.01,38077635.11,9510051.62,193781.62,46941916.24,62.43,61.03,2060747.92,1668980.25,398832.26,1373787.00,943589.00,-974954.74,166227.00,27.50,172.09,871.00,188
October-2021,16.01,18.35,7.40,11.61,27.10,11.50,13.33,12.81,84.11,41475250.51,41474377.37,16510450.61,24963926.76,12946605.35,34619960.27,23241456.60,11378503.66,38933554.47,9299778.95,103762.49,47566565.62,62.41,58.45,1997847.49,2184483.70,454035.00,1065016.00,823746.00,-610981.00,159095.00,27.50,98.70,962.00,177
November-2021,15.39,17.20,7.34,11.80,27.26,11.50,10.45,10.11,82.16,42604214.93,42600088.22,17118885.10,25481203.12,13034104.65,35379184.45,23672320.05,11706864.40,39874023.13,9279449.45,181692.25,48413289.10,62.17,56.80,2096443.48,2474424.71,393892.00,925569.00,691905.00,-531677.00,154844.00,27.50,173.88,788.00,188
December-2021,15.62,17.37,6.79,11.68,27.58,11.50,0.00,12.75,74.95,43818474.80,43817565.64,18169300.76,25648264.87,13326804.91,35194598.65,23931801.44,11262797.21,40879149.46,9393373.57,192243.35,48521403.57,59.12,54.88,1757286.97,1708401.22,377781.39,920717.00,575110.00,-542935.61,182678.00,27.50,164.46,810.00,160
January-2022,15.61,17.13,5.86,11.68,27.65,11.50,14.31,8.51,88.71,44400920.19,44295132.20,18589692.22,25705439.98,14109900.36,35184136.51,23625649.66,11558486.85,41515381.45,9679798.92,256252.17,49294036.87,58.13,55.67,1971177.68,2034793.95,336736.00,768070.00,766259.00,-431334.00,187409.00,27.50,224.15,1112.00,222
February-2022,15.70,17.13,5.84,11.78,30.73,11.50,9.30,6.10,99.64,44744004.98,44739337.92,18897327.74,25842010.17,14721135.97,35986524.62,24261475.37,11725049.25,42015680.55,9914912.01,86433.87,50707660.59,58.12,55.00,1958426.72,2038047.40,202627.00,914303.00,763299.00,-711676.00,178066.00,27.50,74.37,826.00,199
March-2022,15.92,17.20,5.82,11.84,26.61,11.50,4.50,6.62,121.23,45654456.11,45653529.14,19608338.79,26045190.35,16319622.95,36371924.02,24361972.74,12009951.28,42931314.29,10244612.26,427180.92,52691546.97,58.81,55.82,1897841.35,2072773.27,363479.00,1536842.00,1056919.00,-1173363.00,165640.00,27.50,387.94,1466.00,208
